{"mean": -7.211587592929589, "variance": 3.599874976468714e-10, "std": 1.897333649221642e-05, "total:": -1175.488777647523}