{"mean": 0.8944616035070364, "variance": 0.008062632081968455, "std": 0.08979216047054696, "total:": 6156.5792169389315}