{"mean": -7.211601982581704, "variance": 3.103737246212833e-12, "std": 1.7617426730975307e-06, "total:": -1175.4911231608178}